{
  "version": 1,
  "author": "Uri Shaked",
  "editor": "wokwi",
  "parts": [
    { "type": "wokwi-breadboard", "id": "bb1", "top": -147, "left": 310, "attrs": {} },
    { "type": "board-esp32-devkit-c-v4", "id": "esp", "top": -220.8, "left": 91.24, "attrs": {} },
    {
      "type": "wokwi-dht22",
      "id": "dht1",
      "top": -201.3,
      "left": 733.8,
      "attrs": { "humidity": "63.5" }
    },
    { "type": "board-ds18b20", "id": "temp1", "top": -135.53, "left": 829.68, "attrs": {} },
    {
      "type": "wokwi-pushbutton",
      "id": "btn1",
      "top": -76.9,
      "left": 598.7,
      "rotate": 90,
      "attrs": { "color": "green", "bounce": "0" }
    },
    {
      "type": "wokwi-pushbutton",
      "id": "btn2",
      "top": -76.9,
      "left": 464.3,
      "rotate": 90,
      "attrs": { "color": "green", "bounce": "0" }
    },
    {
      "type": "wokwi-resistor",
      "id": "r1",
      "top": -15.25,
      "left": 432,
      "attrs": { "value": "1000" }
    },
    {
      "type": "wokwi-resistor",
      "id": "r2",
      "top": -15.25,
      "left": 566.4,
      "attrs": { "value": "1000" }
    },
    {
      "type": "wokwi-resistor",
      "id": "r3",
      "top": -82.45,
      "left": 854.4,
      "attrs": { "value": "1000" }
    },
    {
      "type": "wokwi-led",
      "id": "led1",
      "top": -173.6,
      "left": -17.8,
      "rotate": 270,
      "attrs": { "color": "limegreen" }
    },
    {
      "type": "wokwi-led",
      "id": "led2",
      "top": -135.2,
      "left": -17.8,
      "rotate": 270,
      "attrs": { "color": "red" }
    }
  ],
  "connections": [
    [ "esp:TX", "$serialMonitor:RX", "", [] ],
    [ "esp:RX", "$serialMonitor:TX", "", [] ],
    [ "esp:GND.2", "bb1:bn.1", "black", [ "v0" ] ],
    [ "bb1:bp.1", "esp:3V3", "green", [ "v0" ] ],
    [ "esp:26", "bb1:17t.a", "purple", [ "h0" ] ],
    [ "bb1:11b.i", "bb1:bp.8", "red", [ "v0" ] ],
    [ "bb1:25b.i", "bb1:bp.20", "red", [ "v0" ] ],
    [ "esp:21", "bb1:31t.a", "blue", [ "h0" ] ],
    [ "bb1:47t.e", "bb1:bn.38", "black", [ "v0" ] ],
    [ "bb1:61t.d", "bb1:bp.50", "red", [ "v0" ] ],
    [ "bb1:53t.c", "bb1:bn.43", "black", [ "v0" ] ],
    [ "esp:17", "bb1:54t.c", "yellow", [ "h0" ] ],
    [ "bb1:44t.e", "bb1:bp.36", "red", [ "v0" ] ],
    [ "esp:15", "bb1:45t.c", "cyan", [ "v0" ] ],
    [ "led2:C", "esp:GND.1", "black", [ "h76.8", "v38" ] ],
    [ "led1:C", "esp:GND.1", "black", [ "h0" ] ],
    [ "led1:A", "esp:14", "green", [ "h0" ] ],
    [ "led2:A", "esp:13", "red", [ "h0" ] ],
    [ "btn1:1.l", "bb1:33t.b", "", [ "$bb" ] ],
    [ "btn1:2.l", "bb1:31t.b", "", [ "$bb" ] ],
    [ "btn1:1.r", "bb1:33b.g", "", [ "$bb" ] ],
    [ "btn1:2.r", "bb1:31b.g", "", [ "$bb" ] ],
    [ "btn2:1.l", "bb1:19t.b", "", [ "$bb" ] ],
    [ "btn2:2.l", "bb1:17t.b", "", [ "$bb" ] ],
    [ "btn2:1.r", "bb1:19b.g", "", [ "$bb" ] ],
    [ "btn2:2.r", "bb1:17b.g", "", [ "$bb" ] ],
    [ "r1:1", "bb1:11b.h", "", [ "$bb" ] ],
    [ "r1:2", "bb1:17b.h", "", [ "$bb" ] ],
    [ "r2:1", "bb1:25b.h", "", [ "$bb" ] ],
    [ "r2:2", "bb1:31b.h", "", [ "$bb" ] ],
    [ "r3:1", "bb1:55t.c", "", [ "$bb" ] ],
    [ "r3:2", "bb1:61t.c", "", [ "$bb" ] ],
    [ "temp1:GND", "bb1:53t.b", "", [ "$bb" ] ],
    [ "temp1:DQ", "bb1:54t.b", "", [ "$bb" ] ],
    [ "temp1:VCC", "bb1:55t.b", "", [ "$bb" ] ],
    [ "dht1:VCC", "bb1:44t.b", "", [ "$bb" ] ],
    [ "dht1:SDA", "bb1:45t.b", "", [ "$bb" ] ],
    [ "dht1:NC", "bb1:46t.b", "", [ "$bb" ] ],
    [ "dht1:GND", "bb1:47t.b", "", [ "$bb" ] ]
  ],
  "dependencies": {}
}